base_y_base_x,base_theta_base_y,base_link_base_theta,joint_1,joint_2,joint_3,joint_4,joint_5,joint_6,joint_7
2.54504e-19,2.25145e-19,-1.96844e-18,7.84256e-19,1.64183e-18,2.82197e-19,5.43404e-19,6.76607e-19,1.25531e-18,-4.11442e-18
2.54504e-19,2.25145e-19,-1.96844e-18,7.84256e-19,1.64183e-18,2.82197e-19,5.43404e-19,6.76607e-19,1.25531e-18,-4.11442e-18
0.00043037127140143,0.0003808370889239984,-0.0023920821118925254,0.0009530189977738332,0.0019952012328590518,0.0003429293141134092,0.0006603415839815328,0.000822221911521858,0.0015254921882160693,-0.005000000000000006
0.0017214850856057187,0.0015233483556959925,-0.009568328447570093,0.0038120759910953285,0.0079808049314362,0.0013717172564536354,0.0026413663359261285,0.003288887646087429,0.006101968752864271,-0.020000000000000007
0.0038733414426128654,0.0034275338003159814,-0.0215287390070327,0.008577170979964487,0.01795681109573144,0.0030863638270206785,0.005943074255833787,0.007399997203696712,0.013729429693944604,-0.04499999999999999
0.006885881798120519,0.0060933434857484,-0.038273015379977675,0.015248209355211654,0.03192297082600976,0.005486828673578544,0.010565392678298504,0.013155448012833342,0.02440768470754428,-0.07999927913734825
0.010759096419119448,0.009520770442540485,-0.05980112719888001,0.023825200365435072,0.04987925879315598,0.008573109577352621,0.01650832175914867,0.02055522963537552,0.0381367144275128,-0.12499768854819021
0.015492973949659067,0.013709736143000511,-0.08611271235650741,0.034307890028435394,0.0718253729687436,0.012345167541835381,0.023771693764007548,0.029599217605486866,0.0549162879287697,-0.17999514908107347
0.021087380587187975,0.01866031446034412,-0.11720766945151082,0.04669629622033452,0.09776122877536801,0.016802936078109988,0.03235552149331501,0.04028737706884084,0.07474625995126175,-0.24499104085800766
0.02754250111839433,0.02437241096853747,-0.153086256906541,0.060990527713450565,0.1276865562703407,0.02194647341267333,0.04225988035587664,0.05261979685213986,0.09762693707917658,-0.31998489235855454
0.034858038425374376,0.030846032031289917,-0.19374761133933063,0.07719034053142126,0.16160194612488787,0.027775695092321882,0.05348463201321768,0.06659618018805528,0.1235576017243945,-0.4049768118432281
0.04303437177279445,0.03808124955727817,-0.2391928369908094,0.09529597461005773,0.1995071833933927,0.034290772023338245,0.06602988129334876,0.08221690663341064,0.15253930749650949,-0.4999674274937785